<?xml version="1.0" encoding="UTF-8" standalone="yes"?>
<addon id="plugin.program.wolverine" name="[B][COLORorange]Kodi Wolverine[/COLOR][/B]" version="3.0.5" provider-name="[B][COLOR yellow]xiver[/COLOR][/B]">
  <requires>
    <import addon="xbmc.python" version="2.1.0"/>
	<import addon="script.module.requests"/>
  </requires>
  <extension point="xbmc.python.pluginsource" library="default.py">
    <provides>program executable</provides>
  </extension>
  <extension point="xbmc.service" library="startup.py" start="startup" />
  <extension point="xbmc.addon.metadata">
    <summary lang="en">Installer for [COLOR yellow]wolverine[/COLOR] Team and Community Builds</summary>
    <description lang="en">Credit for Wolverin</description>
    <disclaimer lang="en">wolverine</disclaimer>
    <platform>all</platform>
	<license>GNU GENERAL PUBLIC LICENSE. Version 2, June 1991</license>
  </extension>
</addon>